size,subset,tune_f1,tune_calls,eval_f1,eval_calls,eval_em,diff_f1_vs_k3,diff_calls_vs_k3,f1_per_call,f1_minus_05calls
1,calibrated_conf,66.66385281385283,2.67,64.21217763717763,2.9466666666666668,53.333333333333336,5.843650793650795,-0.05333333333333323,21.79146299904218,62.738844303844296
2,answer_in_evidence+calibrated_conf,66.39718614718615,2.18,60.31455858955859,2.3666666666666667,48.66666666666667,1.9460317460317498,-0.6333333333333333,25.485024756151514,59.13122525622526
1,answer_in_evidence,65.39718614718615,2.38,60.14313001813002,2.6766666666666667,48.66666666666667,1.774603174603186,-0.32333333333333325,22.46941345633749,58.80479668479669
1,overlap_signal,62.26385281385281,2.96,58.68043160543161,3.1066666666666665,48.66666666666667,0.31190476190477057,0.10666666666666647,18.888550945954382,57.12709827209827
2,calibrated_conf+overlap_signal,61.66385281385281,2.3,58.36773319273318,2.4033333333333333,48.66666666666667,-0.0007936507936534554,-0.5966666666666667,24.286158055228785,57.166066526066516
1,answer_stable,59.66385281385281,2.62,58.106622081622085,2.513333333333333,47.66666666666667,-0.2619047619047521,-0.4866666666666668,23.119345655817806,56.84995541495542
1,answer_stable_f1,59.66385281385281,2.51,57.662177637177635,2.43,47.0,-0.7063492063492021,-0.5699999999999998,23.729291208715075,56.44717763717763
2,answer_stable+answer_stable_f1,59.66385281385281,2.51,57.662177637177635,2.43,47.0,-0.7063492063492021,-0.5699999999999998,23.729291208715075,56.44717763717763
2,answer_stable+calibrated_conf,58.66385281385281,2.19,57.384399859399856,2.2066666666666666,47.333333333333336,-0.9841269841269806,-0.7933333333333334,26.005015042024105,56.281066526066525
2,answer_stable_f1+calibrated_conf,58.66385281385281,2.13,57.05106652606653,2.18,47.0,-1.3174603174603092,-0.8199999999999998,26.17021400278281,55.961066526066524
3,answer_stable+answer_stable_f1+calibrated_conf,58.66385281385281,2.13,57.05106652606653,2.18,47.0,-1.3174603174603092,-0.8199999999999998,26.17021400278281,55.961066526066524
3,answer_in_evidence+calibrated_conf+overlap_signal,63.39718614718615,1.85,56.736780811780804,1.93,46.0,-1.631746031746033,-1.07,29.39729575739938,55.7717808117808
2,answer_in_evidence+overlap_signal,63.39718614718615,1.92,56.56535224035224,2.026666666666667,46.0,-1.8031746031745968,-0.9733333333333332,27.91053564491064,55.552018907018905
2,answer_stable+overlap_signal,57.66385281385281,2.31,56.173288748288755,2.24,46.0,-2.195238095238082,-0.7599999999999998,25.077361048343192,55.05328874828876
2,answer_stable_f1+overlap_signal,57.66385281385281,2.25,56.06217763717765,2.216666666666667,45.666666666666664,-2.3063492063491893,-0.7833333333333332,25.291207956621495,54.95384430384431
3,answer_stable+answer_stable_f1+overlap_signal,57.66385281385281,2.25,56.06217763717765,2.216666666666667,45.666666666666664,-2.3063492063491893,-0.7833333333333332,25.291207956621495,54.95384430384431
1,answer_stable_seq,59.66385281385281,2.37,55.93995541495542,2.3133333333333335,45.666666666666664,-2.4285714285714164,-0.6866666666666665,24.18153692289139,54.783288748288754
2,answer_stable+answer_stable_seq,59.66385281385281,2.37,55.93995541495542,2.3133333333333335,45.666666666666664,-2.4285714285714164,-0.6866666666666665,24.18153692289139,54.783288748288754
2,answer_stable_f1+answer_stable_seq,59.66385281385281,2.37,55.93995541495542,2.3133333333333335,45.666666666666664,-2.4285714285714164,-0.6866666666666665,24.18153692289139,54.783288748288754
3,answer_stable+answer_stable_f1+answer_stable_seq,59.66385281385281,2.37,55.93995541495542,2.3133333333333335,45.666666666666664,-2.4285714285714164,-0.6866666666666665,24.18153692289139,54.783288748288754
2,answer_stable_seq+calibrated_conf,58.66385281385281,2.1,55.49551097051098,2.1133333333333333,45.666666666666664,-2.8730158730158593,-0.8866666666666667,26.259705506550937,54.43884430384431
3,answer_stable+answer_stable_seq+calibrated_conf,58.66385281385281,2.1,55.49551097051098,2.1133333333333333,45.666666666666664,-2.8730158730158593,-0.8866666666666667,26.259705506550937,54.43884430384431
3,answer_stable_f1+answer_stable_seq+calibrated_conf,58.66385281385281,2.1,55.49551097051098,2.1133333333333333,45.666666666666664,-2.8730158730158593,-0.8866666666666667,26.259705506550937,54.43884430384431
4,answer_stable+answer_stable_f1+answer_stable_seq+calibrated_conf,58.66385281385281,2.1,55.49551097051098,2.1133333333333333,45.666666666666664,-2.8730158730158593,-0.8866666666666667,26.259705506550937,54.43884430384431
3,answer_stable_f1+calibrated_conf+overlap_signal,56.66385281385281,2.09,55.45106652606652,2.0933333333333333,45.666666666666664,-2.9174603174603178,-0.9066666666666667,26.489362990159165,54.40439985939985
4,answer_stable+answer_stable_f1+calibrated_conf+overlap_signal,56.66385281385281,2.09,55.45106652606652,2.0933333333333333,45.666666666666664,-2.9174603174603178,-0.9066666666666667,26.489362990159165,54.40439985939985
3,answer_stable+calibrated_conf+overlap_signal,56.66385281385281,2.13,55.45106652606652,2.0966666666666667,45.666666666666664,-2.9174603174603178,-0.9033333333333333,26.447249535484826,54.40273319273319
2,answer_stable_seq+overlap_signal,57.66385281385281,2.16,55.00662208162208,2.16,45.0,-3.3619047619047535,-0.8399999999999999,25.466028741491705,53.926622081622085
3,answer_stable+answer_stable_seq+overlap_signal,57.66385281385281,2.16,55.00662208162208,2.16,45.0,-3.3619047619047535,-0.8399999999999999,25.466028741491705,53.926622081622085
3,answer_stable_f1+answer_stable_seq+overlap_signal,57.66385281385281,2.16,55.00662208162208,2.16,45.0,-3.3619047619047535,-0.8399999999999999,25.466028741491705,53.926622081622085
4,answer_stable+answer_stable_f1+answer_stable_seq+overlap_signal,57.66385281385281,2.16,55.00662208162208,2.16,45.0,-3.3619047619047535,-0.8399999999999999,25.466028741491705,53.926622081622085
3,answer_stable+answer_in_evidence+calibrated_conf,58.39718614718614,1.73,54.93122525622526,1.7633333333333334,44.333333333333336,-3.437301587301576,-1.2366666666666666,31.151923585761015,54.04955858955859
2,answer_stable+answer_in_evidence,58.39718614718614,1.8,54.93122525622526,1.8133333333333332,44.333333333333336,-3.437301587301576,-1.1866666666666668,30.29295510453599,54.024558589558595
3,answer_stable_f1+answer_in_evidence+calibrated_conf,58.39718614718614,1.68,54.597891922891925,1.7366666666666666,44.0,-3.7706349206349117,-1.2633333333333334,31.438325483431054,53.72955858955859
4,answer_stable+answer_stable_f1+answer_in_evidence+calibrated_conf,58.39718614718614,1.68,54.597891922891925,1.7366666666666666,44.0,-3.7706349206349117,-1.2633333333333334,31.438325483431054,53.72955858955859
2,answer_stable_f1+answer_in_evidence,58.39718614718614,1.75,54.597891922891925,1.7733333333333334,44.0,-3.7706349206349117,-1.2266666666666666,30.788284918924017,53.71122525622526
3,answer_stable+answer_stable_f1+answer_in_evidence,58.39718614718614,1.75,54.597891922891925,1.7733333333333334,44.0,-3.7706349206349117,-1.2266666666666666,30.788284918924017,53.71122525622526
3,answer_stable_seq+calibrated_conf+overlap_signal,56.66385281385281,2.07,54.56217763717763,2.0533333333333332,45.0,-3.8063492063492035,-0.9466666666666668,26.572489109015084,53.53551097051097
4,answer_stable+answer_stable_seq+calibrated_conf+overlap_signal,56.66385281385281,2.07,54.56217763717763,2.0533333333333332,45.0,-3.8063492063492035,-0.9466666666666668,26.572489109015084,53.53551097051097
4,answer_stable_f1+answer_stable_seq+calibrated_conf+overlap_signal,56.66385281385281,2.07,54.56217763717763,2.0533333333333332,45.0,-3.8063492063492035,-0.9466666666666668,26.572489109015084,53.53551097051097
5,answer_stable+answer_stable_f1+answer_stable_seq+calibrated_conf+overlap_signal,56.66385281385281,2.07,54.56217763717763,2.0533333333333332,45.0,-3.8063492063492035,-0.9466666666666668,26.572489109015084,53.53551097051097
3,answer_stable_seq+answer_in_evidence+calibrated_conf,58.39718614718614,1.66,54.04233636733636,1.7033333333333334,43.666666666666664,-4.326190476190476,-1.2966666666666666,31.727399041489058,53.190669700669694
4,answer_stable+answer_stable_seq+answer_in_evidence+calibrated_conf,58.39718614718614,1.66,54.04233636733636,1.7033333333333334,43.666666666666664,-4.326190476190476,-1.2966666666666666,31.727399041489058,53.190669700669694
4,answer_stable_f1+answer_stable_seq+answer_in_evidence+calibrated_conf,58.39718614718614,1.66,54.04233636733636,1.7033333333333334,43.666666666666664,-4.326190476190476,-1.2966666666666666,31.727399041489058,53.190669700669694
5,answer_stable+answer_stable_f1+answer_stable_seq+answer_in_evidence+calibrated_conf,58.39718614718614,1.66,54.04233636733636,1.7033333333333334,43.666666666666664,-4.326190476190476,-1.2966666666666666,31.727399041489058,53.190669700669694
2,answer_stable_seq+answer_in_evidence,58.39718614718614,1.71,54.04233636733636,1.73,43.666666666666664,-4.326190476190476,-1.27,31.238344721003678,53.17733636733636
3,answer_stable+answer_stable_seq+answer_in_evidence,58.39718614718614,1.71,54.04233636733636,1.73,43.666666666666664,-4.326190476190476,-1.27,31.238344721003678,53.17733636733636
3,answer_stable_f1+answer_stable_seq+answer_in_evidence,58.39718614718614,1.71,54.04233636733636,1.73,43.666666666666664,-4.326190476190476,-1.27,31.238344721003678,53.17733636733636
4,answer_stable+answer_stable_f1+answer_stable_seq+answer_in_evidence,58.39718614718614,1.71,54.04233636733636,1.73,43.666666666666664,-4.326190476190476,-1.27,31.238344721003678,53.17733636733636
4,answer_stable_f1+answer_in_evidence+calibrated_conf+overlap_signal,58.39718614718614,1.67,53.931225256225254,1.6833333333333333,43.333333333333336,-4.437301587301583,-1.3166666666666667,32.03835163736154,53.089558589558585
5,answer_stable+answer_stable_f1+answer_in_evidence+calibrated_conf+overlap_signal,58.39718614718614,1.67,53.931225256225254,1.6833333333333333,43.333333333333336,-4.437301587301583,-1.3166666666666667,32.03835163736154,53.089558589558585
4,answer_stable+answer_in_evidence+calibrated_conf+overlap_signal,58.39718614718614,1.7,53.931225256225254,1.6866666666666668,43.333333333333336,-4.437301587301583,-1.3133333333333332,31.975034736892443,53.08789192289192
3,answer_stable_f1+answer_in_evidence+overlap_signal,58.39718614718614,1.71,53.931225256225254,1.69,43.333333333333336,-4.437301587301583,-1.31,31.91196760723388,53.086225256225255
4,answer_stable+answer_stable_f1+answer_in_evidence+overlap_signal,58.39718614718614,1.71,53.931225256225254,1.69,43.333333333333336,-4.437301587301583,-1.31,31.91196760723388,53.086225256225255
3,answer_stable+answer_in_evidence+overlap_signal,58.39718614718614,1.74,53.931225256225254,1.6966666666666668,43.333333333333336,-4.437301587301583,-1.3033333333333332,31.786576771841993,53.08289192289192
4,answer_stable_seq+answer_in_evidence+calibrated_conf+overlap_signal,58.39718614718614,1.65,53.709003034003025,1.6566666666666667,43.333333333333336,-4.659523809523812,-1.3433333333333333,32.41992134849277,52.88066970066969
5,answer_stable+answer_stable_seq+answer_in_evidence+calibrated_conf+overlap_signal,58.39718614718614,1.65,53.709003034003025,1.6566666666666667,43.333333333333336,-4.659523809523812,-1.3433333333333333,32.41992134849277,52.88066970066969
5,answer_stable_f1+answer_stable_seq+answer_in_evidence+calibrated_conf+overlap_signal,58.39718614718614,1.65,53.709003034003025,1.6566666666666667,43.333333333333336,-4.659523809523812,-1.3433333333333333,32.41992134849277,52.88066970066969
6,answer_stable+answer_stable_f1+answer_stable_seq+answer_in_evidence+calibrated_conf+overlap_signal,58.39718614718614,1.65,53.709003034003025,1.6566666666666667,43.333333333333336,-4.659523809523812,-1.3433333333333333,32.41992134849277,52.88066970066969
3,answer_stable_seq+answer_in_evidence+overlap_signal,58.39718614718614,1.67,53.709003034003025,1.6633333333333333,43.333333333333336,-4.659523809523812,-1.3366666666666667,32.28998178396976,52.87733636733636
4,answer_stable+answer_stable_seq+answer_in_evidence+overlap_signal,58.39718614718614,1.67,53.709003034003025,1.6633333333333333,43.333333333333336,-4.659523809523812,-1.3366666666666667,32.28998178396976,52.87733636733636
4,answer_stable_f1+answer_stable_seq+answer_in_evidence+overlap_signal,58.39718614718614,1.67,53.709003034003025,1.6633333333333333,43.333333333333336,-4.659523809523812,-1.3366666666666667,32.28998178396976,52.87733636733636
5,answer_stable+answer_stable_f1+answer_stable_seq+answer_in_evidence+overlap_signal,58.39718614718614,1.67,53.709003034003025,1.6633333333333333,43.333333333333336,-4.659523809523812,-1.3366666666666667,32.28998178396976,52.87733636733636
2,calibrated_conf+top_score_z_intra,54.080519480519484,1.81,52.233959558959555,1.8066666666666666,42.0,-6.134567284567282,-1.1933333333333334,28.91178573374145,51.33062622562622
1,top_score_z_intra,53.74718614718614,2.84,52.12284844784845,2.5733333333333333,41.66666666666667,-6.2456783956783894,-0.42666666666666675,20.25499292014836,50.83618178118178
2,answer_stable+top_score_z_intra,49.080519480519484,1.68,50.90618178118178,1.6433333333333333,40.666666666666664,-7.462345062345058,-1.3566666666666667,30.97739256461366,50.08451511451511
2,answer_stable_f1+top_score_z_intra,49.080519480519484,1.64,50.461737336737336,1.6066666666666667,40.0,-7.906789506789501,-1.3933333333333333,31.40772033406888,49.658404003404
3,answer_stable+answer_stable_f1+top_score_z_intra,49.080519480519484,1.64,50.461737336737336,1.6066666666666667,40.0,-7.906789506789501,-1.3933333333333333,31.40772033406888,49.658404003404
2,overlap_signal+top_score_z_intra,51.080519480519484,1.79,50.32284844784844,1.8033333333333332,40.0,-8.045678395678394,-1.1966666666666668,27.905461246496365,49.42118178118178
3,answer_stable+calibrated_conf+top_score_z_intra,49.080519480519484,1.53,50.183959558959565,1.48,40.33333333333333,-8.184567284567272,-1.52,33.908080783080784,49.44395955895956
3,answer_in_evidence+calibrated_conf+top_score_z_intra,54.080519480519484,1.6,50.06729289229289,1.6366666666666667,39.666666666666664,-8.301233951233947,-1.3633333333333333,30.591013987144333,49.248959558959555
2,answer_in_evidence+top_score_z_intra,54.080519480519484,1.68,50.06729289229289,1.7566666666666666,39.666666666666664,-8.301233951233947,-1.2433333333333334,28.501305251779634,49.18895955895956
3,calibrated_conf+overlap_signal+top_score_z_intra,51.080519480519484,1.59,49.933959558959565,1.5666666666666667,40.0,-8.434567284567272,-1.4333333333333333,31.872740144016742,49.15062622562623
3,answer_stable_f1+calibrated_conf+top_score_z_intra,49.080519480519484,1.51,49.85062622562623,1.4733333333333334,40.0,-8.517900617900608,-1.5266666666666666,33.83526666897708,49.113959558959564
4,answer_stable+answer_stable_f1+calibrated_conf+top_score_z_intra,49.080519480519484,1.51,49.85062622562623,1.4733333333333334,40.0,-8.517900617900608,-1.5266666666666666,33.83526666897708,49.113959558959564
3,answer_stable+overlap_signal+top_score_z_intra,48.080519480519484,1.53,49.57284844784845,1.5066666666666666,39.33333333333333,-8.795678395678387,-1.4933333333333334,32.90233304060738,48.81951511451512
3,answer_stable_f1+overlap_signal+top_score_z_intra,48.080519480519484,1.52,49.46173733673733,1.4966666666666666,39.0,-8.906789506789508,-1.5033333333333334,33.047931405392426,48.713404003403994
4,answer_stable+answer_stable_f1+overlap_signal+top_score_z_intra,48.080519480519484,1.52,49.46173733673733,1.4966666666666666,39.0,-8.906789506789508,-1.5033333333333334,33.047931405392426,48.713404003403994
2,answer_stable_seq+top_score_z_intra,49.080519480519484,1.6,49.295070670070665,1.54,39.0,-9.073456173456172,-1.46,32.00978614939653,48.52507067007066
3,answer_stable+answer_stable_seq+top_score_z_intra,49.080519480519484,1.6,49.295070670070665,1.54,39.0,-9.073456173456172,-1.46,32.00978614939653,48.52507067007066
3,answer_stable_f1+answer_stable_seq+top_score_z_intra,49.080519480519484,1.6,49.295070670070665,1.54,39.0,-9.073456173456172,-1.46,32.00978614939653,48.52507067007066
4,answer_stable+answer_stable_f1+answer_stable_seq+top_score_z_intra,49.080519480519484,1.6,49.295070670070665,1.54,39.0,-9.073456173456172,-1.46,32.00978614939653,48.52507067007066
2,calibrated_conf+gap,52.83051948051949,1.77,49.09507067007067,1.68,39.33333333333333,-9.273456173456168,-1.32,29.223256351232543,48.255070670070666
1,gap,51.49718614718615,2.72,49.09507067007067,2.32,39.33333333333333,-9.273456173456168,-0.6800000000000002,21.161668392271842,47.93507067007067
3,answer_stable_seq+overlap_signal+top_score_z_intra,48.080519480519484,1.5,48.96173733673733,1.47,38.666666666666664,-9.406789506789508,-1.53,33.30730431070567,48.22673733673733
4,answer_stable+answer_stable_seq+overlap_signal+top_score_z_intra,48.080519480519484,1.5,48.96173733673733,1.47,38.666666666666664,-9.406789506789508,-1.53,33.30730431070567,48.22673733673733
4,answer_stable_f1+answer_stable_seq+overlap_signal+top_score_z_intra,48.080519480519484,1.5,48.96173733673733,1.47,38.666666666666664,-9.406789506789508,-1.53,33.30730431070567,48.22673733673733
5,answer_stable+answer_stable_f1+answer_stable_seq+overlap_signal+top_score_z_intra,48.080519480519484,1.5,48.96173733673733,1.47,38.666666666666664,-9.406789506789508,-1.53,33.30730431070567,48.22673733673733
3,calibrated_conf+top_score_z_intra+gap,51.830519480519484,1.7,48.9204674954675,1.6466666666666667,39.33333333333333,-9.448059348059338,-1.3533333333333333,29.708785928421555,48.09713416213417
2,top_score_z_intra+gap,51.49718614718615,2.56,48.9204674954675,2.2266666666666666,39.33333333333333,-9.448059348059338,-0.7733333333333334,21.970269833293788,47.80713416213416
4,answer_stable+calibrated_conf+overlap_signal+top_score_z_intra,48.080519480519484,1.49,48.85062622562623,1.43,39.0,-9.517900617900608,-1.57,34.1612770808575,48.135626225626226
4,answer_stable_f1+calibrated_conf+overlap_signal+top_score_z_intra,48.080519480519484,1.49,48.85062622562623,1.43,39.0,-9.517900617900608,-1.57,34.1612770808575,48.135626225626226
5,answer_stable+answer_stable_f1+calibrated_conf+overlap_signal+top_score_z_intra,48.080519480519484,1.49,48.85062622562623,1.43,39.0,-9.517900617900608,-1.57,34.1612770808575,48.135626225626226
3,answer_stable_seq+calibrated_conf+top_score_z_intra,49.080519480519484,1.49,48.85062622562623,1.4466666666666668,39.0,-9.517900617900608,-1.5533333333333332,33.767713980847624,48.12729289229289
4,answer_stable+answer_stable_seq+calibrated_conf+top_score_z_intra,49.080519480519484,1.49,48.85062622562623,1.4466666666666668,39.0,-9.517900617900608,-1.5533333333333332,33.767713980847624,48.12729289229289
4,answer_stable_f1+answer_stable_seq+calibrated_conf+top_score_z_intra,49.080519480519484,1.49,48.85062622562623,1.4466666666666668,39.0,-9.517900617900608,-1.5533333333333332,33.767713980847624,48.12729289229289
5,answer_stable+answer_stable_f1+answer_stable_seq+calibrated_conf+top_score_z_intra,49.080519480519484,1.49,48.85062622562623,1.4466666666666668,39.0,-9.517900617900608,-1.5533333333333332,33.767713980847624,48.12729289229289
4,answer_stable_seq+calibrated_conf+overlap_signal+top_score_z_intra,48.080519480519484,1.48,48.51729289229289,1.4166666666666667,38.666666666666664,-9.851233951233944,-1.5833333333333333,34.24750086514792,47.80895955895956
5,answer_stable+answer_stable_seq+calibrated_conf+overlap_signal+top_score_z_intra,48.080519480519484,1.48,48.51729289229289,1.4166666666666667,38.666666666666664,-9.851233951233944,-1.5833333333333333,34.24750086514792,47.80895955895956
5,answer_stable_f1+answer_stable_seq+calibrated_conf+overlap_signal+top_score_z_intra,48.080519480519484,1.48,48.51729289229289,1.4166666666666667,38.666666666666664,-9.851233951233944,-1.5833333333333333,34.24750086514792,47.80895955895956
6,answer_stable+answer_stable_f1+answer_stable_seq+calibrated_conf+overlap_signal+top_score_z_intra,48.080519480519484,1.48,48.51729289229289,1.4166666666666667,38.666666666666664,-9.851233951233944,-1.5833333333333333,34.24750086514792,47.80895955895956
4,answer_stable+answer_in_evidence+calibrated_conf+top_score_z_intra,49.080519480519484,1.33,48.35062622562623,1.35,38.333333333333336,-10.017900617900608,-1.65,35.815278685649055,47.67562622562623
3,answer_stable+answer_in_evidence+top_score_z_intra,49.080519480519484,1.33,48.35062622562623,1.3833333333333333,38.333333333333336,-10.017900617900608,-1.6166666666666667,34.95225992213944,47.65895955895956
2,answer_stable+gap,48.830519480519484,1.64,48.21173733673733,1.5166666666666666,38.666666666666664,-10.156789506789508,-1.4833333333333334,31.787958683563076,47.453404003403996
4,answer_in_evidence+calibrated_conf+overlap_signal+top_score_z_intra,52.080519480519484,1.41,48.10062622562623,1.4166666666666667,38.0,-10.267900617900608,-1.5833333333333333,33.9533832180891,47.39229289229289
3,answer_in_evidence+overlap_signal+top_score_z_intra,52.080519480519484,1.43,48.10062622562623,1.4333333333333333,38.0,-10.267900617900608,-1.5666666666666667,33.55857643648341,47.38395955895956
3,answer_stable+top_score_z_intra+gap,48.830519480519484,1.58,48.03713416213416,1.4833333333333334,38.666666666666664,-10.331392681392678,-1.5166666666666666,32.384584828405046,47.29546749546749
4,answer_stable_f1+answer_in_evidence+calibrated_conf+top_score_z_intra,49.080519480519484,1.31,48.01729289229289,1.3433333333333333,38.0,-10.351233951233944,-1.6566666666666667,35.74488304637188,47.345626225626226
5,answer_stable+answer_stable_f1+answer_in_evidence+calibrated_conf+top_score_z_intra,49.080519480519484,1.31,48.01729289229289,1.3433333333333333,38.0,-10.351233951233944,-1.6566666666666667,35.74488304637188,47.345626225626226
3,answer_stable_f1+answer_in_evidence+top_score_z_intra,49.080519480519484,1.31,48.01729289229289,1.3666666666666667,38.0,-10.351233951233944,-1.6333333333333333,35.13460455533626,47.33395955895956
4,answer_stable+answer_stable_f1+answer_in_evidence+top_score_z_intra,49.080519480519484,1.31,48.01729289229289,1.3666666666666667,38.0,-10.351233951233944,-1.6333333333333333,35.13460455533626,47.33395955895956
2,overlap_signal+gap,48.830519480519484,1.71,47.96173733673733,1.6766666666666667,38.333333333333336,-10.406789506789508,-1.3233333333333333,28.605409942388068,47.123404003404
3,overlap_signal+top_score_z_intra+gap,49.830519480519484,1.64,47.78713416213416,1.6266666666666667,38.333333333333336,-10.581392681392678,-1.3733333333333333,29.377336575082474,46.973800828800826
2,answer_stable_f1+gap,48.830519480519484,1.61,47.76729289229289,1.4933333333333334,38.0,-10.601233951233944,-1.5066666666666666,31.987026490374703,47.02062622562622
3,answer_stable+answer_stable_f1+gap,48.830519480519484,1.61,47.76729289229289,1.4933333333333334,38.0,-10.601233951233944,-1.5066666666666666,31.987026490374703,47.02062622562622
4,answer_stable_seq+answer_in_evidence+calibrated_conf+top_score_z_intra,49.080519480519484,1.3,47.68395955895956,1.3266666666666667,37.666666666666664,-10.68456728456728,-1.6733333333333333,35.94268308464288,47.02062622562622
5,answer_stable+answer_stable_seq+answer_in_evidence+calibrated_conf+top_score_z_intra,49.080519480519484,1.3,47.68395955895956,1.3266666666666667,37.666666666666664,-10.68456728456728,-1.6733333333333333,35.94268308464288,47.02062622562622
5,answer_stable_f1+answer_stable_seq+answer_in_evidence+calibrated_conf+top_score_z_intra,49.080519480519484,1.3,47.68395955895956,1.3266666666666667,37.666666666666664,-10.68456728456728,-1.6733333333333333,35.94268308464288,47.02062622562622
6,answer_stable+answer_stable_f1+answer_stable_seq+answer_in_evidence+calibrated_conf+top_score_z_intra,49.080519480519484,1.3,47.68395955895956,1.3266666666666667,37.666666666666664,-10.68456728456728,-1.6733333333333333,35.94268308464288,47.02062622562622
3,answer_stable_seq+answer_in_evidence+top_score_z_intra,49.080519480519484,1.3,47.68395955895956,1.34,37.666666666666664,-10.68456728456728,-1.66,35.58504444698474,47.013959558959556
4,answer_stable+answer_stable_seq+answer_in_evidence+top_score_z_intra,49.080519480519484,1.3,47.68395955895956,1.34,37.666666666666664,-10.68456728456728,-1.66,35.58504444698474,47.013959558959556
4,answer_stable_f1+answer_stable_seq+answer_in_evidence+top_score_z_intra,49.080519480519484,1.3,47.68395955895956,1.34,37.666666666666664,-10.68456728456728,-1.66,35.58504444698474,47.013959558959556
5,answer_stable+answer_stable_f1+answer_stable_seq+answer_in_evidence+top_score_z_intra,49.080519480519484,1.3,47.68395955895956,1.34,37.666666666666664,-10.68456728456728,-1.66,35.58504444698474,47.013959558959556
3,answer_stable_f1+top_score_z_intra+gap,48.830519480519484,1.55,47.59268971768972,1.46,38.0,-10.775837125837114,-1.54,32.59773268334913,46.862689717689726
4,answer_stable+answer_stable_f1+top_score_z_intra+gap,48.830519480519484,1.55,47.59268971768972,1.46,38.0,-10.775837125837114,-1.54,32.59773268334913,46.862689717689726
3,calibrated_conf+overlap_signal+gap,48.830519480519484,1.54,47.461737336737336,1.4766666666666666,38.0,-10.9067895067895,-1.5233333333333334,32.14113137928037,46.723404003404
3,answer_stable+calibrated_conf+gap,48.830519480519484,1.49,47.378404003404,1.3966666666666667,38.0,-10.990122840122837,-1.6033333333333333,33.92248496663771,46.68007067007067
5,answer_stable_seq+answer_in_evidence+calibrated_conf+overlap_signal+top_score_z_intra,49.080519480519484,1.3,47.35062622562623,1.2966666666666666,37.333333333333336,-11.017900617900608,-1.7033333333333334,36.51719246192254,46.702292892292895
6,answer_stable+answer_stable_seq+answer_in_evidence+calibrated_conf+overlap_signal+top_score_z_intra,49.080519480519484,1.3,47.35062622562623,1.2966666666666666,37.333333333333336,-11.017900617900608,-1.7033333333333334,36.51719246192254,46.702292892292895
6,answer_stable_f1+answer_stable_seq+answer_in_evidence+calibrated_conf+overlap_signal+top_score_z_intra,49.080519480519484,1.3,47.35062622562623,1.2966666666666666,37.333333333333336,-11.017900617900608,-1.7033333333333334,36.51719246192254,46.702292892292895
7,answer_stable+answer_stable_f1+answer_stable_seq+answer_in_evidence+calibrated_conf+overlap_signal+top_score_z_intra,49.080519480519484,1.3,47.35062622562623,1.2966666666666666,37.333333333333336,-11.017900617900608,-1.7033333333333334,36.51719246192254,46.702292892292895
4,answer_stable_seq+answer_in_evidence+overlap_signal+top_score_z_intra,49.080519480519484,1.3,47.35062622562623,1.3,37.333333333333336,-11.017900617900608,-1.7,36.423558635097095,46.70062622562623
5,answer_stable+answer_stable_seq+answer_in_evidence+overlap_signal+top_score_z_intra,49.080519480519484,1.3,47.35062622562623,1.3,37.333333333333336,-11.017900617900608,-1.7,36.423558635097095,46.70062622562623
5,answer_stable_f1+answer_stable_seq+answer_in_evidence+overlap_signal+top_score_z_intra,49.080519480519484,1.3,47.35062622562623,1.3,37.333333333333336,-11.017900617900608,-1.7,36.423558635097095,46.70062622562623
6,answer_stable+answer_stable_f1+answer_stable_seq+answer_in_evidence+overlap_signal+top_score_z_intra,49.080519480519484,1.3,47.35062622562623,1.3,37.333333333333336,-11.017900617900608,-1.7,36.423558635097095,46.70062622562623
5,answer_stable+answer_in_evidence+calibrated_conf+overlap_signal+top_score_z_intra,49.080519480519484,1.31,47.35062622562623,1.3066666666666666,37.333333333333336,-11.017900617900608,-1.6933333333333334,36.237724152264974,46.69729289229289
5,answer_stable_f1+answer_in_evidence+calibrated_conf+overlap_signal+top_score_z_intra,49.080519480519484,1.31,47.35062622562623,1.3066666666666666,37.333333333333336,-11.017900617900608,-1.6933333333333334,36.237724152264974,46.69729289229289
6,answer_stable+answer_stable_f1+answer_in_evidence+calibrated_conf+overlap_signal+top_score_z_intra,49.080519480519484,1.31,47.35062622562623,1.3066666666666666,37.333333333333336,-11.017900617900608,-1.6933333333333334,36.237724152264974,46.69729289229289
4,answer_stable+answer_in_evidence+overlap_signal+top_score_z_intra,49.080519480519484,1.31,47.35062622562623,1.31,37.333333333333336,-11.017900617900608,-1.69,36.145516202768114,46.69562622562623
4,answer_stable_f1+answer_in_evidence+overlap_signal+top_score_z_intra,49.080519480519484,1.31,47.35062622562623,1.31,37.333333333333336,-11.017900617900608,-1.69,36.145516202768114,46.69562622562623
5,answer_stable+answer_stable_f1+answer_in_evidence+overlap_signal+top_score_z_intra,49.080519480519484,1.31,47.35062622562623,1.31,37.333333333333336,-11.017900617900608,-1.69,36.145516202768114,46.69562622562623
4,calibrated_conf+overlap_signal+top_score_z_intra+gap,49.830519480519484,1.5,47.28713416213416,1.4466666666666668,38.0,-11.081392681392678,-1.5533333333333332,32.68695909824942,46.56380082880082
3,answer_stable+overlap_signal+gap,47.830519480519484,1.49,47.211737336737336,1.4233333333333333,37.666666666666664,-11.1567895067895,-1.5766666666666667,33.16983887826979,46.50007067007067
4,answer_stable+calibrated_conf+top_score_z_intra+gap,48.830519480519484,1.44,47.20380082880083,1.37,38.0,-11.164726014726007,-1.63,34.455329072117394,46.51880082880083
3,answer_stable_f1+overlap_signal+gap,47.830519480519484,1.49,47.10062622562623,1.4166666666666667,37.333333333333336,-11.267900617900608,-1.5833333333333333,33.24750086514793,46.39229289229289
4,answer_stable+answer_stable_f1+overlap_signal+gap,47.830519480519484,1.49,47.10062622562623,1.4166666666666667,37.333333333333336,-11.267900617900608,-1.5833333333333333,33.24750086514793,46.39229289229289
3,answer_stable_f1+calibrated_conf+gap,48.830519480519484,1.47,47.045070670070665,1.39,37.666666666666664,-11.323456173456172,-1.61,33.84537458278465,46.350070670070664
4,answer_stable+answer_stable_f1+calibrated_conf+gap,48.830519480519484,1.47,47.045070670070665,1.39,37.666666666666664,-11.323456173456172,-1.61,33.84537458278465,46.350070670070664
3,answer_in_evidence+calibrated_conf+gap,51.830519480519484,1.59,47.03951511451512,1.5233333333333334,37.333333333333336,-11.329011729011718,-1.4766666666666666,30.879331585020864,46.277848447848456
2,answer_in_evidence+gap,50.830519480519484,1.66,47.03951511451512,1.62,37.333333333333336,-11.329011729011718,-1.38,29.03673772500933,46.22951511451512
4,answer_stable+overlap_signal+top_score_z_intra+gap,48.830519480519484,1.45,47.03713416213416,1.39,37.666666666666664,-11.331392681392678,-1.61,33.83966486484472,46.34213416213416
4,answer_stable_f1+overlap_signal+top_score_z_intra+gap,48.830519480519484,1.45,46.92602305102306,1.3833333333333333,37.333333333333336,-11.442503792503778,-1.6166666666666667,33.92242630194438,46.23435638435639
5,answer_stable+answer_stable_f1+overlap_signal+top_score_z_intra+gap,48.830519480519484,1.45,46.92602305102306,1.3833333333333333,37.333333333333336,-11.442503792503778,-1.6166666666666667,33.92242630194438,46.23435638435639
4,answer_stable_f1+calibrated_conf+top_score_z_intra+gap,48.830519480519484,1.42,46.870467495467494,1.3633333333333333,37.666666666666664,-11.498059348059343,-1.6366666666666667,34.37931601134535,46.18880082880083
5,answer_stable+answer_stable_f1+calibrated_conf+top_score_z_intra+gap,48.830519480519484,1.42,46.870467495467494,1.3633333333333333,37.666666666666664,-11.498059348059343,-1.6366666666666667,34.37931601134535,46.18880082880083
4,answer_in_evidence+calibrated_conf+top_score_z_intra+gap,51.830519480519484,1.55,46.86491193991195,1.4966666666666666,37.333333333333336,-11.503614903614888,-1.5033333333333334,31.312858757179477,46.116578606578614
3,answer_in_evidence+top_score_z_intra+gap,51.830519480519484,1.61,46.86491193991195,1.5933333333333333,37.333333333333336,-11.503614903614888,-1.4066666666666667,29.413124648480302,46.06824527324528
3,answer_stable_seq+overlap_signal+gap,47.830519480519484,1.47,46.60062622562623,1.39,37.0,-11.767900617900608,-1.61,33.52563037814837,45.90562622562623
4,answer_stable+answer_stable_seq+overlap_signal+gap,47.830519480519484,1.47,46.60062622562623,1.39,37.0,-11.767900617900608,-1.61,33.52563037814837,45.90562622562623
4,answer_stable_f1+answer_stable_seq+overlap_signal+gap,47.830519480519484,1.47,46.60062622562623,1.39,37.0,-11.767900617900608,-1.61,33.52563037814837,45.90562622562623
5,answer_stable+answer_stable_f1+answer_stable_seq+overlap_signal+gap,47.830519480519484,1.47,46.60062622562623,1.39,37.0,-11.767900617900608,-1.61,33.52563037814837,45.90562622562623
2,answer_stable_seq+gap,48.830519480519484,1.58,46.60062622562623,1.43,37.0,-11.767900617900608,-1.57,32.58785050743093,45.885626225626226
3,answer_stable+answer_stable_seq+gap,48.830519480519484,1.58,46.60062622562623,1.43,37.0,-11.767900617900608,-1.57,32.58785050743093,45.885626225626226
3,answer_stable_f1+answer_stable_seq+gap,48.830519480519484,1.58,46.60062622562623,1.43,37.0,-11.767900617900608,-1.57,32.58785050743093,45.885626225626226
4,answer_stable+answer_stable_f1+answer_stable_seq+gap,48.830519480519484,1.58,46.60062622562623,1.43,37.0,-11.767900617900608,-1.57,32.58785050743093,45.885626225626226
4,answer_stable_seq+overlap_signal+top_score_z_intra+gap,48.830519480519484,1.43,46.42602305102306,1.3566666666666667,37.0,-11.942503792503778,-1.6433333333333333,34.22065581156491,45.747689717689724
5,answer_stable+answer_stable_seq+overlap_signal+top_score_z_intra+gap,48.830519480519484,1.43,46.42602305102306,1.3566666666666667,37.0,-11.942503792503778,-1.6433333333333333,34.22065581156491,45.747689717689724
5,answer_stable_f1+answer_stable_seq+overlap_signal+top_score_z_intra+gap,48.830519480519484,1.43,46.42602305102306,1.3566666666666667,37.0,-11.942503792503778,-1.6433333333333333,34.22065581156491,45.747689717689724
6,answer_stable+answer_stable_f1+answer_stable_seq+overlap_signal+top_score_z_intra+gap,48.830519480519484,1.43,46.42602305102306,1.3566666666666667,37.0,-11.942503792503778,-1.6433333333333333,34.22065581156491,45.747689717689724
3,answer_stable_seq+top_score_z_intra+gap,48.830519480519484,1.52,46.42602305102306,1.3966666666666667,37.0,-11.942503792503778,-1.6033333333333333,33.24058929667522,45.72768971768973
4,answer_stable+answer_stable_seq+top_score_z_intra+gap,48.830519480519484,1.52,46.42602305102306,1.3966666666666667,37.0,-11.942503792503778,-1.6033333333333333,33.24058929667522,45.72768971768973
4,answer_stable_f1+answer_stable_seq+top_score_z_intra+gap,48.830519480519484,1.52,46.42602305102306,1.3966666666666667,37.0,-11.942503792503778,-1.6033333333333333,33.24058929667522,45.72768971768973
5,answer_stable+answer_stable_f1+answer_stable_seq+top_score_z_intra+gap,48.830519480519484,1.52,46.42602305102306,1.3966666666666667,37.0,-11.942503792503778,-1.6033333333333333,33.24058929667522,45.72768971768973
4,answer_stable+calibrated_conf+overlap_signal+gap,47.830519480519484,1.46,46.378404003404,1.3633333333333333,37.0,-11.990122840122837,-1.6366666666666667,34.01838924455061,45.696737336737336
4,answer_stable_f1+calibrated_conf+overlap_signal+gap,47.830519480519484,1.46,46.378404003404,1.3633333333333333,37.0,-11.990122840122837,-1.6366666666666667,34.01838924455061,45.696737336737336
5,answer_stable+answer_stable_f1+calibrated_conf+overlap_signal+gap,47.830519480519484,1.46,46.378404003404,1.3633333333333333,37.0,-11.990122840122837,-1.6366666666666667,34.01838924455061,45.696737336737336
5,answer_stable+calibrated_conf+overlap_signal+top_score_z_intra+gap,48.830519480519484,1.42,46.20380082880083,1.3366666666666667,37.0,-12.164726014726007,-1.6633333333333333,34.56643453526247,45.53546749546749
5,answer_stable_f1+calibrated_conf+overlap_signal+top_score_z_intra+gap,48.830519480519484,1.42,46.20380082880083,1.3366666666666667,37.0,-12.164726014726007,-1.6633333333333333,34.56643453526247,45.53546749546749
6,answer_stable+answer_stable_f1+calibrated_conf+overlap_signal+top_score_z_intra+gap,48.830519480519484,1.42,46.20380082880083,1.3366666666666667,37.0,-12.164726014726007,-1.6633333333333333,34.56643453526247,45.53546749546749
4,answer_stable_seq+calibrated_conf+overlap_signal+gap,47.830519480519484,1.45,46.045070670070665,1.35,36.666666666666664,-12.323456173456172,-1.65,34.1074597556079,45.37007067007067
5,answer_stable+answer_stable_seq+calibrated_conf+overlap_signal+gap,47.830519480519484,1.45,46.045070670070665,1.35,36.666666666666664,-12.323456173456172,-1.65,34.1074597556079,45.37007067007067
5,answer_stable_f1+answer_stable_seq+calibrated_conf+overlap_signal+gap,47.830519480519484,1.45,46.045070670070665,1.35,36.666666666666664,-12.323456173456172,-1.65,34.1074597556079,45.37007067007067
6,answer_stable+answer_stable_f1+answer_stable_seq+calibrated_conf+overlap_signal+gap,47.830519480519484,1.45,46.045070670070665,1.35,36.666666666666664,-12.323456173456172,-1.65,34.1074597556079,45.37007067007067
3,answer_stable_seq+calibrated_conf+gap,48.830519480519484,1.46,46.045070670070665,1.3633333333333333,36.666666666666664,-12.323456173456172,-1.6366666666666667,33.773890467044495,45.363404003404
4,answer_stable+answer_stable_seq+calibrated_conf+gap,48.830519480519484,1.46,46.045070670070665,1.3633333333333333,36.666666666666664,-12.323456173456172,-1.6366666666666667,33.773890467044495,45.363404003404
4,answer_stable_f1+answer_stable_seq+calibrated_conf+gap,48.830519480519484,1.46,46.045070670070665,1.3633333333333333,36.666666666666664,-12.323456173456172,-1.6366666666666667,33.773890467044495,45.363404003404
5,answer_stable+answer_stable_f1+answer_stable_seq+calibrated_conf+gap,48.830519480519484,1.46,46.045070670070665,1.3633333333333333,36.666666666666664,-12.323456173456172,-1.6366666666666667,33.773890467044495,45.363404003404
5,answer_stable_seq+calibrated_conf+overlap_signal+top_score_z_intra+gap,48.830519480519484,1.41,45.870467495467494,1.3233333333333333,36.666666666666664,-12.498059348059343,-1.6766666666666667,34.66282178498803,45.208800828800825
6,answer_stable+answer_stable_seq+calibrated_conf+overlap_signal+top_score_z_intra+gap,48.830519480519484,1.41,45.870467495467494,1.3233333333333333,36.666666666666664,-12.498059348059343,-1.6766666666666667,34.66282178498803,45.208800828800825
6,answer_stable_f1+answer_stable_seq+calibrated_conf+overlap_signal+top_score_z_intra+gap,48.830519480519484,1.41,45.870467495467494,1.3233333333333333,36.666666666666664,-12.498059348059343,-1.6766666666666667,34.66282178498803,45.208800828800825
7,answer_stable+answer_stable_f1+answer_stable_seq+calibrated_conf+overlap_signal+top_score_z_intra+gap,48.830519480519484,1.41,45.870467495467494,1.3233333333333333,36.666666666666664,-12.498059348059343,-1.6766666666666667,34.66282178498803,45.208800828800825
4,answer_stable_seq+calibrated_conf+top_score_z_intra+gap,48.830519480519484,1.41,45.870467495467494,1.3366666666666667,36.666666666666664,-12.498059348059343,-1.6633333333333333,34.31705797665897,45.20213416213416
5,answer_stable+answer_stable_seq+calibrated_conf+top_score_z_intra+gap,48.830519480519484,1.41,45.870467495467494,1.3366666666666667,36.666666666666664,-12.498059348059343,-1.6633333333333333,34.31705797665897,45.20213416213416
5,answer_stable_f1+answer_stable_seq+calibrated_conf+top_score_z_intra+gap,48.830519480519484,1.41,45.870467495467494,1.3366666666666667,36.666666666666664,-12.498059348059343,-1.6633333333333333,34.31705797665897,45.20213416213416
6,answer_stable+answer_stable_f1+answer_stable_seq+calibrated_conf+top_score_z_intra+gap,48.830519480519484,1.41,45.870467495467494,1.3366666666666667,36.666666666666664,-12.498059348059343,-1.6633333333333333,34.31705797665897,45.20213416213416
4,answer_in_evidence+calibrated_conf+overlap_signal+gap,48.830519480519484,1.38,45.739515114515115,1.34,36.333333333333336,-12.629011729011722,-1.66,34.133966503369486,45.06951511451511
3,answer_in_evidence+overlap_signal+gap,48.830519480519484,1.39,45.739515114515115,1.3566666666666667,36.333333333333336,-12.629011729011722,-1.6433333333333333,33.714630305539394,45.06118178118178
4,answer_stable+answer_in_evidence+calibrated_conf+gap,47.830519480519484,1.32,45.65618178118178,1.28,36.333333333333336,-12.712345062345058,-1.72,35.66889201654826,45.01618178118178
3,answer_stable+answer_in_evidence+gap,47.830519480519484,1.32,45.65618178118178,1.3066666666666666,36.333333333333336,-12.712345062345058,-1.6933333333333334,34.94095544478198,45.00284844784844
5,answer_in_evidence+calibrated_conf+overlap_signal+top_score_z_intra+gap,49.830519480519484,1.36,45.56491193991194,1.3166666666666667,36.333333333333336,-12.8036149036149,-1.6833333333333333,34.60626223284451,44.906578606578606
4,answer_in_evidence+overlap_signal+top_score_z_intra+gap,49.830519480519484,1.37,45.56491193991194,1.3333333333333333,36.333333333333336,-12.8036149036149,-1.6666666666666667,34.173683954933956,44.89824527324527
5,answer_stable+answer_in_evidence+calibrated_conf+top_score_z_intra+gap,48.830519480519484,1.3,45.48157860657861,1.26,36.333333333333336,-12.886948236948228,-1.74,36.09649095760207,44.851578606578606
4,answer_stable+answer_in_evidence+top_score_z_intra+gap,48.830519480519484,1.3,45.48157860657861,1.2866666666666666,36.333333333333336,-12.886948236948228,-1.7133333333333334,35.34837715537198,44.83824527324528
4,answer_stable_f1+answer_in_evidence+calibrated_conf+gap,47.830519480519484,1.3,45.32284844784844,1.2733333333333334,36.0,-13.045678395678394,-1.7266666666666666,35.59386003757731,44.68618178118177
5,answer_stable+answer_stable_f1+answer_in_evidence+calibrated_conf+gap,47.830519480519484,1.3,45.32284844784844,1.2733333333333334,36.0,-13.045678395678394,-1.7266666666666666,35.59386003757731,44.68618178118177
3,answer_stable_f1+answer_in_evidence+gap,47.830519480519484,1.3,45.32284844784844,1.2933333333333332,36.0,-13.045678395678394,-1.7066666666666668,35.04343952153231,44.676181781181775
4,answer_stable+answer_stable_f1+answer_in_evidence+gap,47.830519480519484,1.3,45.32284844784844,1.2933333333333332,36.0,-13.045678395678394,-1.7066666666666668,35.04343952153231,44.676181781181775
5,answer_stable_f1+answer_in_evidence+calibrated_conf+top_score_z_intra+gap,48.830519480519484,1.28,45.14824527324527,1.2533333333333334,36.0,-13.220281570281564,-1.7466666666666666,36.02253612227016,44.52157860657861
6,answer_stable+answer_stable_f1+answer_in_evidence+calibrated_conf+top_score_z_intra+gap,48.830519480519484,1.28,45.14824527324527,1.2533333333333334,36.0,-13.220281570281564,-1.7466666666666666,36.02253612227016,44.52157860657861
4,answer_stable_f1+answer_in_evidence+top_score_z_intra+gap,48.830519480519484,1.28,45.14824527324527,1.2733333333333334,36.0,-13.220281570281564,-1.7266666666666666,35.45673712558529,44.51157860657861
5,answer_stable+answer_stable_f1+answer_in_evidence+top_score_z_intra+gap,48.830519480519484,1.28,45.14824527324527,1.2733333333333334,36.0,-13.220281570281564,-1.7266666666666666,35.45673712558529,44.51157860657861
5,answer_stable_seq+answer_in_evidence+calibrated_conf+overlap_signal+gap,47.830519480519484,1.29,44.989515114515115,1.2433333333333334,35.66666666666667,-13.379011729011722,-1.7566666666666666,36.184596606848615,44.367848447848445
6,answer_stable+answer_stable_seq+answer_in_evidence+calibrated_conf+overlap_signal+gap,47.830519480519484,1.29,44.989515114515115,1.2433333333333334,35.66666666666667,-13.379011729011722,-1.7566666666666666,36.184596606848615,44.367848447848445
6,answer_stable_f1+answer_stable_seq+answer_in_evidence+calibrated_conf+overlap_signal+gap,47.830519480519484,1.29,44.989515114515115,1.2433333333333334,35.66666666666667,-13.379011729011722,-1.7566666666666666,36.184596606848615,44.367848447848445
7,answer_stable+answer_stable_f1+answer_stable_seq+answer_in_evidence+calibrated_conf+overlap_signal+gap,47.830519480519484,1.29,44.989515114515115,1.2433333333333334,35.66666666666667,-13.379011729011722,-1.7566666666666666,36.184596606848615,44.367848447848445
4,answer_stable_seq+answer_in_evidence+overlap_signal+gap,47.830519480519484,1.29,44.989515114515115,1.2466666666666666,35.66666666666667,-13.379011729011722,-1.7533333333333334,36.08784634854154,44.36618178118178
5,answer_stable+answer_stable_seq+answer_in_evidence+overlap_signal+gap,47.830519480519484,1.29,44.989515114515115,1.2466666666666666,35.66666666666667,-13.379011729011722,-1.7533333333333334,36.08784634854154,44.36618178118178
5,answer_stable_f1+answer_stable_seq+answer_in_evidence+overlap_signal+gap,47.830519480519484,1.29,44.989515114515115,1.2466666666666666,35.66666666666667,-13.379011729011722,-1.7533333333333334,36.08784634854154,44.36618178118178
6,answer_stable+answer_stable_f1+answer_stable_seq+answer_in_evidence+overlap_signal+gap,47.830519480519484,1.29,44.989515114515115,1.2466666666666666,35.66666666666667,-13.379011729011722,-1.7533333333333334,36.08784634854154,44.36618178118178
5,answer_stable+answer_in_evidence+calibrated_conf+overlap_signal+gap,47.830519480519484,1.3,44.989515114515115,1.2533333333333334,35.66666666666667,-13.379011729011722,-1.7466666666666666,35.89588971902801,44.36284844784845
5,answer_stable_f1+answer_in_evidence+calibrated_conf+overlap_signal+gap,47.830519480519484,1.3,44.989515114515115,1.2533333333333334,35.66666666666667,-13.379011729011722,-1.7466666666666666,35.89588971902801,44.36284844784845
6,answer_stable+answer_stable_f1+answer_in_evidence+calibrated_conf+overlap_signal+gap,47.830519480519484,1.3,44.989515114515115,1.2533333333333334,35.66666666666667,-13.379011729011722,-1.7466666666666666,35.89588971902801,44.36284844784845
4,answer_stable+answer_in_evidence+overlap_signal+gap,47.830519480519484,1.3,44.989515114515115,1.2566666666666666,35.66666666666667,-13.379011729011722,-1.7433333333333334,35.80067515743909,44.361181781181784
4,answer_stable_f1+answer_in_evidence+overlap_signal+gap,47.830519480519484,1.3,44.989515114515115,1.2566666666666666,35.66666666666667,-13.379011729011722,-1.7433333333333334,35.80067515743909,44.361181781181784
4,answer_stable_seq+answer_in_evidence+calibrated_conf+gap,47.830519480519484,1.29,44.989515114515115,1.2566666666666666,35.66666666666667,-13.379011729011722,-1.7433333333333334,35.80067515743909,44.361181781181784
5,answer_stable+answer_stable_f1+answer_in_evidence+overlap_signal+gap,47.830519480519484,1.3,44.989515114515115,1.2566666666666666,35.66666666666667,-13.379011729011722,-1.7433333333333334,35.80067515743909,44.361181781181784
5,answer_stable+answer_stable_seq+answer_in_evidence+calibrated_conf+gap,47.830519480519484,1.29,44.989515114515115,1.2566666666666666,35.66666666666667,-13.379011729011722,-1.7433333333333334,35.80067515743909,44.361181781181784
5,answer_stable_f1+answer_stable_seq+answer_in_evidence+calibrated_conf+gap,47.830519480519484,1.29,44.989515114515115,1.2566666666666666,35.66666666666667,-13.379011729011722,-1.7433333333333334,35.80067515743909,44.361181781181784
6,answer_stable+answer_stable_f1+answer_stable_seq+answer_in_evidence+calibrated_conf+gap,47.830519480519484,1.29,44.989515114515115,1.2566666666666666,35.66666666666667,-13.379011729011722,-1.7433333333333334,35.80067515743909,44.361181781181784
3,answer_stable_seq+answer_in_evidence+gap,47.830519480519484,1.29,44.989515114515115,1.2666666666666666,35.66666666666667,-13.379011729011722,-1.7333333333333334,35.51803824830141,44.35618178118178
4,answer_stable+answer_stable_seq+answer_in_evidence+gap,47.830519480519484,1.29,44.989515114515115,1.2666666666666666,35.66666666666667,-13.379011729011722,-1.7333333333333334,35.51803824830141,44.35618178118178
4,answer_stable_f1+answer_stable_seq+answer_in_evidence+gap,47.830519480519484,1.29,44.989515114515115,1.2666666666666666,35.66666666666667,-13.379011729011722,-1.7333333333333334,35.51803824830141,44.35618178118178
5,answer_stable+answer_stable_f1+answer_stable_seq+answer_in_evidence+gap,47.830519480519484,1.29,44.989515114515115,1.2666666666666666,35.66666666666667,-13.379011729011722,-1.7333333333333334,35.51803824830141,44.35618178118178
6,answer_stable_seq+answer_in_evidence+calibrated_conf+overlap_signal+top_score_z_intra+gap,48.830519480519484,1.27,44.814911939911944,1.2233333333333334,35.66666666666667,-13.553614903614893,-1.7766666666666666,36.63344300265281,44.20324527324528
7,answer_stable+answer_stable_seq+answer_in_evidence+calibrated_conf+overlap_signal+top_score_z_intra+gap,48.830519480519484,1.27,44.814911939911944,1.2233333333333334,35.66666666666667,-13.553614903614893,-1.7766666666666666,36.63344300265281,44.20324527324528
7,answer_stable_f1+answer_stable_seq+answer_in_evidence+calibrated_conf+overlap_signal+top_score_z_intra+gap,48.830519480519484,1.27,44.814911939911944,1.2233333333333334,35.66666666666667,-13.553614903614893,-1.7766666666666666,36.63344300265281,44.20324527324528
8,answer_stable+answer_stable_f1+answer_stable_seq+answer_in_evidence+calibrated_conf+overlap_signal+top_score_z_intra+gap,48.830519480519484,1.27,44.814911939911944,1.2233333333333334,35.66666666666667,-13.553614903614893,-1.7766666666666666,36.63344300265281,44.20324527324528
5,answer_stable_seq+answer_in_evidence+overlap_signal+top_score_z_intra+gap,48.830519480519484,1.27,44.814911939911944,1.2266666666666666,35.66666666666667,-13.553614903614893,-1.7733333333333334,36.53389560318909,44.20157860657861
6,answer_stable+answer_stable_seq+answer_in_evidence+overlap_signal+top_score_z_intra+gap,48.830519480519484,1.27,44.814911939911944,1.2266666666666666,35.66666666666667,-13.553614903614893,-1.7733333333333334,36.53389560318909,44.20157860657861
6,answer_stable_f1+answer_stable_seq+answer_in_evidence+overlap_signal+top_score_z_intra+gap,48.830519480519484,1.27,44.814911939911944,1.2266666666666666,35.66666666666667,-13.553614903614893,-1.7733333333333334,36.53389560318909,44.20157860657861
7,answer_stable+answer_stable_f1+answer_stable_seq+answer_in_evidence+overlap_signal+top_score_z_intra+gap,48.830519480519484,1.27,44.814911939911944,1.2266666666666666,35.66666666666667,-13.553614903614893,-1.7733333333333334,36.53389560318909,44.20157860657861
6,answer_stable+answer_in_evidence+calibrated_conf+overlap_signal+top_score_z_intra+gap,48.830519480519484,1.28,44.814911939911944,1.2333333333333334,35.66666666666667,-13.553614903614893,-1.7666666666666666,36.33641508641509,44.19824527324528
6,answer_stable_f1+answer_in_evidence+calibrated_conf+overlap_signal+top_score_z_intra+gap,48.830519480519484,1.28,44.814911939911944,1.2333333333333334,35.66666666666667,-13.553614903614893,-1.7666666666666666,36.33641508641509,44.19824527324528
7,answer_stable+answer_stable_f1+answer_in_evidence+calibrated_conf+overlap_signal+top_score_z_intra+gap,48.830519480519484,1.28,44.814911939911944,1.2333333333333334,35.66666666666667,-13.553614903614893,-1.7666666666666666,36.33641508641509,44.19824527324528
5,answer_stable+answer_in_evidence+overlap_signal+top_score_z_intra+gap,48.830519480519484,1.28,44.814911939911944,1.2366666666666666,35.66666666666667,-13.553614903614893,-1.7633333333333334,36.23847326677516,44.19657860657861
5,answer_stable_f1+answer_in_evidence+overlap_signal+top_score_z_intra+gap,48.830519480519484,1.28,44.814911939911944,1.2366666666666666,35.66666666666667,-13.553614903614893,-1.7633333333333334,36.23847326677516,44.19657860657861
5,answer_stable_seq+answer_in_evidence+calibrated_conf+top_score_z_intra+gap,48.830519480519484,1.27,44.814911939911944,1.2366666666666666,35.66666666666667,-13.553614903614893,-1.7633333333333334,36.23847326677516,44.19657860657861
6,answer_stable+answer_stable_f1+answer_in_evidence+overlap_signal+top_score_z_intra+gap,48.830519480519484,1.28,44.814911939911944,1.2366666666666666,35.66666666666667,-13.553614903614893,-1.7633333333333334,36.23847326677516,44.19657860657861
6,answer_stable+answer_stable_seq+answer_in_evidence+calibrated_conf+top_score_z_intra+gap,48.830519480519484,1.27,44.814911939911944,1.2366666666666666,35.66666666666667,-13.553614903614893,-1.7633333333333334,36.23847326677516,44.19657860657861
6,answer_stable_f1+answer_stable_seq+answer_in_evidence+calibrated_conf+top_score_z_intra+gap,48.830519480519484,1.27,44.814911939911944,1.2366666666666666,35.66666666666667,-13.553614903614893,-1.7633333333333334,36.23847326677516,44.19657860657861
7,answer_stable+answer_stable_f1+answer_stable_seq+answer_in_evidence+calibrated_conf+top_score_z_intra+gap,48.830519480519484,1.27,44.814911939911944,1.2366666666666666,35.66666666666667,-13.553614903614893,-1.7633333333333334,36.23847326677516,44.19657860657861
4,answer_stable_seq+answer_in_evidence+top_score_z_intra+gap,48.830519480519484,1.27,44.814911939911944,1.2466666666666666,35.66666666666667,-13.553614903614893,-1.7533333333333334,35.947790326132576,44.19157860657861
5,answer_stable+answer_stable_seq+answer_in_evidence+top_score_z_intra+gap,48.830519480519484,1.27,44.814911939911944,1.2466666666666666,35.66666666666667,-13.553614903614893,-1.7533333333333334,35.947790326132576,44.19157860657861
5,answer_stable_f1+answer_stable_seq+answer_in_evidence+top_score_z_intra+gap,48.830519480519484,1.27,44.814911939911944,1.2466666666666666,35.66666666666667,-13.553614903614893,-1.7533333333333334,35.947790326132576,44.19157860657861
6,answer_stable+answer_stable_f1+answer_stable_seq+answer_in_evidence+top_score_z_intra+gap,48.830519480519484,1.27,44.814911939911944,1.2466666666666666,35.66666666666667,-13.553614903614893,-1.7533333333333334,35.947790326132576,44.19157860657861
