size,subset,has_margin,has_answer_stable,tune_f1,tune_calls,eval_f1,eval_em,eval_calls,eval_triggered,diff_f1_vs_as,ci_as_lo,ci_as_hi,diff_calls_vs_as,diff_f1_vs_famA,ci_famA_lo,ci_famA_hi,diff_f1_vs_k3,ci_k3_lo,ci_k3_hi
1,answer_stable,0,1,72.45979118920295,2.42,68.0385716135716,56.666666666666664,2.5366666666666666,297,0.0,0.0,0.0,0.0,1.22985347985348,-0.8906822344322345,3.3238415750915755,2.8507936507936504,1.1234523809523809,4.855555555555554
1,overlap_signal,0,0,72.45979118920295,2.96,66.36427368927367,56.333333333333336,3.1066666666666665,229,-1.6742979242979243,-3.9398611111111106,0.6360866910866911,0.57,-0.4444444444444444,-1.7558333333333336,0.7666666666666666,1.1764957264957265,-1.0213934676434677,3.587130647130648
2,answer_stable+overlap_signal,0,1,70.45979118920295,2.19,65.44968272468272,55.00000000000001,2.22,300,-2.588888888888889,-4.4558333333333335,-1.1219444444444444,-0.31666666666666665,-1.3590354090354089,-3.3728769841269846,0.42574633699633685,0.26190476190476203,-1.6890079365079365,2.20015873015873
1,calibrated_logit_margin,1,0,71.9716959511077,2.45,64.44573112073112,53.333333333333336,2.3266666666666667,275,-3.5928404928404936,-6.218601676101676,-1.0326741314241337,-0.21,-2.362987012987013,-4.8665331890331895,0.25702380952380877,-0.7420468420468419,-3.652768342768343,2.0471955821955814
3,answer_stable+calibrated_conf+overlap_signal,0,1,67.51861471861471,2.0,64.1385716135716,53.666666666666664,2.013333333333333,300,-3.9,-6.267222222222221,-1.8555555555555554,-0.5233333333333333,-2.6701465201465204,-5.388844627594627,-0.39743589743589824,-1.049206349206349,-3.533412698412699,1.268373015873016
2,answer_stable+calibrated_conf,0,1,67.51861471861471,2.0,64.1385716135716,53.666666666666664,2.0166666666666666,300,-3.9,-6.267222222222221,-1.8555555555555554,-0.52,-2.6701465201465204,-5.388844627594627,-0.39743589743589824,-1.049206349206349,-3.533412698412699,1.268373015873016
2,calibrated_conf+overlap_signal,0,0,67.51861471861471,2.01,63.80523828023827,53.333333333333336,2.0366666666666666,300,-4.233333333333333,-6.667222222222222,-1.9997222222222222,-0.5,-3.0034798534798535,-5.681686507936508,-0.6034126984126985,-1.3825396825396825,-3.7655158730158726,0.8955158730158728
1,calibrated_conf,0,0,67.51861471861471,2.02,63.80523828023827,53.333333333333336,2.05,300,-4.233333333333333,-6.667222222222222,-1.9997222222222222,-0.4866666666666667,-3.0034798534798535,-5.681686507936508,-0.6034126984126985,-1.3825396825396825,-3.7655158730158726,0.8955158730158728
2,calibrated_logit_margin+answer_stable,1,1,72.45979118920295,1.8,63.753362378362375,52.666666666666664,1.7966666666666666,299,-4.285209235209235,-6.757602813852815,-2.2319751082251083,-0.74,-3.0553557553557553,-5.869136835386836,-0.0669462481962487,-1.4344155844155846,-4.129570707070707,1.2047601010101006
2,calibrated_logit_margin+overlap_signal,1,0,71.45979118920295,1.85,62.07906445406445,51.66666666666667,1.9233333333333333,291,-5.95950715950716,-8.89187187812188,-3.080016788766789,-0.6133333333333333,-4.72965367965368,-7.100066738816739,-2.3519715007215005,-3.108713508713509,-5.93541847041847,-0.3470315795315796
3,calibrated_logit_margin+answer_stable+overlap_signal,1,1,70.45979118920295,1.71,61.60891793391793,51.0,1.6733333333333333,300,-6.429653679653681,-9.190674603174601,-3.8777651515151517,-0.8633333333333333,-5.199800199800199,-8.059625235875236,-2.6076966089466094,-3.578860028860029,-6.356112914862916,-0.7645111832611837
3,calibrated_logit_margin+answer_stable+calibrated_conf,1,1,68.51861471861471,1.62,61.29780682280682,50.66666666666667,1.56,300,-6.74076479076479,-9.751693722943726,-4.035149711399712,-0.9766666666666667,-5.510911310911311,-8.39280525030525,-2.700569985569987,-3.88997113997114,-6.913809523809523,-0.9816973304473312
4,calibrated_logit_margin+answer_stable+calibrated_conf+overlap_signal,1,1,68.51861471861471,1.62,61.29780682280682,50.66666666666667,1.56,300,-6.74076479076479,-9.751693722943726,-4.035149711399712,-0.9766666666666667,-5.510911310911311,-8.39280525030525,-2.700569985569987,-3.88997113997114,-6.913809523809523,-0.9816973304473312
2,calibrated_logit_margin+calibrated_conf,1,0,68.51861471861471,1.63,61.29780682280682,50.66666666666667,1.5733333333333333,300,-6.74076479076479,-9.751693722943726,-4.035149711399712,-0.9633333333333334,-5.510911310911311,-8.39280525030525,-2.700569985569987,-3.88997113997114,-6.913809523809523,-0.9816973304473312
3,calibrated_logit_margin+calibrated_conf+overlap_signal,1,0,68.51861471861471,1.62,61.29780682280682,50.66666666666667,1.5733333333333333,300,-6.74076479076479,-9.751693722943726,-4.035149711399712,-0.9633333333333334,-5.510911310911311,-8.39280525030525,-2.700569985569987,-3.88997113997114,-6.913809523809523,-0.9816973304473312
1,top_score_z_intra,0,0,64.68836261777439,2.84,58.94897787397787,48.66666666666667,2.5733333333333333,182,-9.08959373959374,-12.481907953157952,-5.466260406260408,0.03666666666666667,-7.85974025974026,-11.07231240981241,-4.204837662337663,-6.238800088800088,-9.878068181818183,-2.5462608225108228
2,answer_stable+top_score_z_intra,0,1,64.17645785586963,1.65,58.234386909386906,47.66666666666667,1.6333333333333333,299,-9.804184704184705,-13.087420634920635,-6.466572871572872,-0.9033333333333333,-8.574331224331225,-11.903312104562106,-5.0234860972360975,-6.953391053391054,-10.259267676767676,-3.543199855699855
2,overlap_signal+top_score_z_intra,0,0,62.17645785586963,1.79,58.0775493025493,47.66666666666667,1.8033333333333332,274,-9.961022311022312,-13.420333416583418,-6.205977217227217,-0.7333333333333333,-8.731168831168832,-11.972463924963924,-5.297319624819625,-7.1102286602286595,-10.683350954600952,-3.4913600288600293
3,answer_stable+overlap_signal+top_score_z_intra,0,1,62.17645785586963,1.53,57.60105357605357,47.0,1.4966666666666666,300,-10.437518037518037,-13.742067099567098,-7.012994227994228,-1.04,-9.207664557664557,-12.47870435120435,-5.791237789987791,-7.586724386724386,-11.049772727272726,-4.136334776334776
3,answer_stable+calibrated_conf+top_score_z_intra,0,1,61.17645785586963,1.46,57.40105357605356,47.0,1.3933333333333333,300,-10.637518037518037,-14.01481240981241,-7.267142857142858,-1.1433333333333333,-9.407664557664559,-12.79636988011988,-5.8792243867243865,-7.786724386724388,-11.233311688311687,-4.227810245310246
4,answer_stable+calibrated_conf+overlap_signal+top_score_z_intra,0,1,61.17645785586963,1.46,57.40105357605356,47.0,1.3933333333333333,300,-10.637518037518037,-14.01481240981241,-7.267142857142858,-1.1433333333333333,-9.407664557664559,-12.79636988011988,-5.8792243867243865,-7.786724386724388,-11.233311688311687,-4.227810245310246
3,calibrated_conf+overlap_signal+top_score_z_intra,0,0,61.17645785586963,1.47,57.40105357605356,47.0,1.4033333333333333,300,-10.637518037518037,-14.01481240981241,-7.267142857142858,-1.1333333333333333,-9.407664557664559,-12.79636988011988,-5.8792243867243865,-7.786724386724388,-11.233311688311687,-4.227810245310246
2,calibrated_conf+top_score_z_intra,0,0,61.17645785586963,1.48,57.40105357605356,47.0,1.4133333333333333,300,-10.637518037518037,-14.01481240981241,-7.267142857142858,-1.1233333333333333,-9.407664557664559,-12.79636988011988,-5.8792243867243865,-7.786724386724388,-11.233311688311687,-4.227810245310246
1,gap,0,0,63.93836261777439,2.72,56.70850168350168,47.0,2.32,201,-11.33006993006993,-14.979849456099457,-7.422003968253968,-0.21666666666666667,-10.10021645021645,-13.769641053391055,-6.3188690476190486,-8.479276279276279,-12.37710816960817,-4.426379453879455
2,top_score_z_intra+gap,0,0,62.93836261777439,2.56,56.5338985088985,47.0,2.2266666666666666,208,-11.504673104673104,-15.118253968253967,-7.544747474747475,-0.31,-10.274819624819624,-13.924271284271283,-6.4406313131313135,-8.653879453879455,-12.50927045177045,-4.511790293040293
2,calibrated_logit_margin+top_score_z_intra,1,0,63.68836261777439,1.71,56.48122895622895,46.33333333333333,1.5866666666666667,290,-11.557342657342657,-15.147449078699077,-7.768940781440781,-0.95,-10.327489177489177,-13.88596681096681,-6.488780663780664,-8.706549006549007,-12.540201603951603,-4.838185425685425
3,calibrated_logit_margin+answer_stable+top_score_z_intra,1,1,64.17645785586963,1.38,56.11584434084433,46.0,1.35,299,-11.922727272727272,-15.467420634920636,-8.35245670995671,-1.1866666666666668,-10.692873792873794,-14.200183982683983,-6.781273448773449,-9.07193362193362,-12.818219696969699,-5.481857864357867
2,answer_stable+gap,0,1,62.426457855869636,1.61,55.99391071891072,46.0,1.51,299,-12.044660894660895,-15.47081168831169,-8.47396645021645,-1.0266666666666666,-10.814807414807413,-14.579781191031193,-7.0894895382395395,-9.193867243867244,-13.020169552669552,-5.347770562770563
2,overlap_signal+gap,0,0,60.42645785586963,1.71,55.837073112073114,46.0,1.6766666666666667,277,-12.2014985014985,-15.763026695526694,-8.269766899766902,-0.86,-10.97164502164502,-14.541511544011543,-7.280046897546898,-9.35070485070485,-13.28734126984127,-5.260652541902542
3,answer_stable+top_score_z_intra+gap,0,1,62.426457855869636,1.56,55.81930754430755,46.0,1.48,299,-12.219264069264069,-15.723663419913422,-8.653212481962482,-1.0566666666666666,-10.98941058941059,-14.779430014430012,-7.236481296481297,-9.36847041847042,-13.15305735930736,-5.546572871572873
3,calibrated_logit_margin+overlap_signal+top_score_z_intra,1,0,62.17645785586963,1.37,55.736784511784506,45.33333333333333,1.4,297,-12.3017871017871,-15.926810966810967,-8.529857087357088,-1.1366666666666667,-11.071933621933619,-14.516865079365083,-7.308616522366523,-9.450993450993451,-13.293161144411144,-5.542441863691865
3,overlap_signal+top_score_z_intra+gap,0,0,60.42645785586963,1.64,55.66246993746993,46.0,1.6266666666666667,279,-12.376101676101676,-16.026790709290708,-8.350797258297257,-0.91,-11.146248196248196,-14.740189393939396,-7.413075396825398,-9.525308025308025,-13.364329975579977,-5.580402236652238
4,calibrated_logit_margin+answer_stable+calibrated_conf+top_score_z_intra,1,1,61.17645785586963,1.29,55.50473322973324,45.33333333333333,1.2366666666666666,300,-12.533838383838381,-16.153616522366523,-8.93893759018759,-1.3,-11.303984903984903,-14.82814435564436,-7.602584776334777,-9.683044733044731,-13.373201659451658,-5.886980519480519
5,calibrated_logit_margin+answer_stable+calibrated_conf+overlap_signal+top_score_z_intra,1,1,61.17645785586963,1.29,55.50473322973324,45.33333333333333,1.2366666666666666,300,-12.533838383838381,-16.153616522366523,-8.93893759018759,-1.3,-11.303984903984903,-14.82814435564436,-7.602584776334777,-9.683044733044731,-13.373201659451658,-5.886980519480519
3,calibrated_logit_margin+calibrated_conf+top_score_z_intra,1,0,61.17645785586963,1.3,55.50473322973324,45.33333333333333,1.24,300,-12.533838383838381,-16.153616522366523,-8.93893759018759,-1.2966666666666666,-11.303984903984903,-14.82814435564436,-7.602584776334777,-9.683044733044731,-13.373201659451658,-5.886980519480519
4,calibrated_logit_margin+calibrated_conf+overlap_signal+top_score_z_intra,1,0,61.17645785586963,1.29,55.50473322973324,45.33333333333333,1.24,300,-12.533838383838381,-16.153616522366523,-8.93893759018759,-1.2966666666666666,-11.303984903984903,-14.82814435564436,-7.602584776334777,-9.683044733044731,-13.373201659451658,-5.886980519480519
4,calibrated_logit_margin+answer_stable+overlap_signal+top_score_z_intra,1,1,62.17645785586963,1.32,55.371399896399886,45.0,1.2966666666666666,300,-12.667171717171716,-16.31154942279942,-9.025907287157288,-1.24,-11.437318237318237,-14.92043734043734,-7.664283910533911,-9.816378066378066,-13.589217171717172,-6.073544372294373
3,answer_stable+overlap_signal+gap,0,1,60.42645785586963,1.48,55.36057738557738,45.33333333333333,1.4166666666666667,300,-12.67799422799423,-16.266711760461757,-8.894752886002886,-1.12,-11.44814074814075,-14.999402958152958,-7.764132395382396,-9.827200577200577,-13.499563492063494,-6.029635642135644
4,answer_stable+overlap_signal+top_score_z_intra+gap,0,1,60.42645785586963,1.44,55.18597421097421,45.33333333333333,1.3866666666666667,300,-12.852597402597402,-16.43378787878788,-9.069282106782106,-1.15,-11.622743922743922,-15.202191558441559,-7.868505106005107,-10.00180375180375,-13.686994949494949,-6.144384920634921
3,answer_stable+calibrated_conf+gap,0,1,59.42645785586963,1.43,55.049466274466276,45.0,1.3333333333333333,300,-12.98910533910534,-16.612005772005777,-9.247449494949496,-1.2033333333333334,-11.75925185925186,-15.400072982572983,-8.052215423465423,-10.138311688311688,-13.966652236652235,-6.3254743867243866
4,answer_stable+calibrated_conf+overlap_signal+gap,0,1,59.42645785586963,1.43,55.049466274466276,45.0,1.3333333333333333,300,-12.98910533910534,-16.612005772005777,-9.247449494949496,-1.2033333333333334,-11.75925185925186,-15.400072982572983,-8.052215423465423,-10.138311688311688,-13.966652236652235,-6.3254743867243866
3,calibrated_conf+overlap_signal+gap,0,0,59.42645785586963,1.44,55.049466274466276,45.0,1.3433333333333333,300,-12.98910533910534,-16.612005772005777,-9.247449494949496,-1.1933333333333334,-11.75925185925186,-15.400072982572983,-8.052215423465423,-10.138311688311688,-13.966652236652235,-6.3254743867243866
2,calibrated_conf+gap,0,0,59.42645785586963,1.45,55.049466274466276,45.0,1.3533333333333333,300,-12.98910533910534,-16.612005772005777,-9.247449494949496,-1.1833333333333333,-11.75925185925186,-15.400072982572983,-8.052215423465423,-10.138311688311688,-13.966652236652235,-6.3254743867243866
2,calibrated_logit_margin+gap,1,0,61.93836261777439,1.67,54.99868927368927,45.0,1.4866666666666666,293,-13.03988233988234,-16.757058635808637,-9.05304612054612,-1.05,-11.810028860028861,-15.521470057720057,-7.890090187590188,-10.189088689088688,-14.13809523809524,-6.155126262626262
4,answer_stable+calibrated_conf+top_score_z_intra+gap,0,1,59.42645785586963,1.39,54.874863099863106,45.0,1.3066666666666666,300,-13.163708513708514,-16.78660894660895,-9.420330086580089,-1.23,-11.933855033855034,-15.49779304029304,-8.115451770451772,-10.312914862914862,-14.160853174603174,-6.522656926406928
5,answer_stable+calibrated_conf+overlap_signal+top_score_z_intra+gap,0,1,59.42645785586963,1.39,54.874863099863106,45.0,1.3066666666666666,300,-13.163708513708514,-16.78660894660895,-9.420330086580089,-1.23,-11.933855033855034,-15.49779304029304,-8.115451770451772,-10.312914862914862,-14.160853174603174,-6.522656926406928
4,calibrated_conf+overlap_signal+top_score_z_intra+gap,0,0,59.42645785586963,1.4,54.874863099863106,45.0,1.3166666666666667,300,-13.163708513708514,-16.78660894660895,-9.420330086580089,-1.22,-11.933855033855034,-15.49779304029304,-8.115451770451772,-10.312914862914862,-14.160853174603174,-6.522656926406928
3,calibrated_conf+top_score_z_intra+gap,0,0,59.42645785586963,1.41,54.874863099863106,45.0,1.3266666666666667,300,-13.163708513708514,-16.78660894660895,-9.420330086580089,-1.21,-11.933855033855034,-15.49779304029304,-8.115451770451772,-10.312914862914862,-14.160853174603174,-6.522656926406928
3,calibrated_logit_margin+top_score_z_intra+gap,1,0,61.93836261777439,1.64,54.8240860990861,45.0,1.4466666666666668,294,-13.214485514485514,-16.932438256188256,-9.178133671883671,-1.09,-11.984632034632035,-15.696073232323233,-8.054731240981242,-10.363691863691862,-14.287161865911866,-6.264265456765458
3,calibrated_logit_margin+answer_stable+gap,1,1,62.426457855869636,1.36,54.63330465830466,44.666666666666664,1.2966666666666666,299,-13.405266955266956,-16.951123737373738,-9.564944083694083,-1.24,-12.175413475413475,-15.946333805083807,-8.149752886002888,-10.554473304473303,-14.402635281385281,-6.693064574314575
4,calibrated_logit_margin+answer_stable+top_score_z_intra+gap,1,1,62.426457855869636,1.34,54.458701483701475,44.666666666666664,1.2766666666666666,299,-13.579870129870129,-17.15687229437229,-9.733282828282828,-1.26,-12.350016650016652,-16.114168747918747,-8.422586996337001,-10.729076479076479,-14.640790043290043,-6.744610389610389
3,calibrated_logit_margin+overlap_signal+gap,1,0,60.42645785586963,1.35,54.36535594035593,44.333333333333336,1.34,299,-13.673215673215672,-17.305332861582862,-9.465050088800089,-1.1966666666666668,-12.443362193362194,-16.09609487734488,-8.497252886002887,-10.822422022422023,-14.63196608946609,-6.8218015318015315
4,calibrated_logit_margin+overlap_signal+top_score_z_intra+gap,1,0,60.42645785586963,1.33,54.19075276575276,44.333333333333336,1.31,299,-13.847818847818846,-17.58033286158286,-9.639817404817405,-1.2266666666666666,-12.617965367965366,-16.36331349206349,-8.728556998557,-10.997025197025195,-14.930786019536018,-6.9012662337662345
4,calibrated_logit_margin+answer_stable+calibrated_conf+gap,1,1,59.42645785586963,1.28,54.022193547193545,44.0,1.2033333333333334,300,-14.016378066378065,-17.65935966810967,-10.1117297979798,-1.3333333333333333,-12.786524586524587,-16.42333735708736,-8.86897089022089,-11.165584415584414,-14.920398629148629,-7.256441197691201
5,calibrated_logit_margin+answer_stable+calibrated_conf+overlap_signal+gap,1,1,59.42645785586963,1.28,54.022193547193545,44.0,1.2033333333333334,300,-14.016378066378065,-17.65935966810967,-10.1117297979798,-1.3333333333333333,-12.786524586524587,-16.42333735708736,-8.86897089022089,-11.165584415584414,-14.920398629148629,-7.256441197691201
3,calibrated_logit_margin+calibrated_conf+gap,1,0,59.42645785586963,1.29,54.022193547193545,44.0,1.2066666666666668,300,-14.016378066378065,-17.65935966810967,-10.1117297979798,-1.33,-12.786524586524587,-16.42333735708736,-8.86897089022089,-11.165584415584414,-14.920398629148629,-7.256441197691201
4,calibrated_logit_margin+calibrated_conf+overlap_signal+gap,1,0,59.42645785586963,1.28,54.022193547193545,44.0,1.2066666666666668,300,-14.016378066378065,-17.65935966810967,-10.1117297979798,-1.33,-12.786524586524587,-16.42333735708736,-8.86897089022089,-11.165584415584414,-14.920398629148629,-7.256441197691201
4,calibrated_logit_margin+answer_stable+overlap_signal+gap,1,1,60.42645785586963,1.3,53.99997132497132,44.0,1.2566666666666666,300,-14.03860028860029,-17.670551948051948,-10.118180014430017,-1.28,-12.80874680874681,-16.413261183261184,-8.890209651459653,-11.187806637806638,-15.00558621933622,-7.247999639249643
5,calibrated_logit_margin+answer_stable+calibrated_conf+top_score_z_intra+gap,1,1,59.42645785586963,1.26,53.84759037259037,44.0,1.1833333333333333,300,-14.190981240981241,-17.87445707070707,-10.27668650793651,-1.3533333333333333,-12.961127761127761,-16.595264180264184,-9.11850288600289,-11.34018759018759,-15.090535714285716,-7.281443001443005
6,calibrated_logit_margin+answer_stable+calibrated_conf+overlap_signal+top_score_z_intra+gap,1,1,59.42645785586963,1.26,53.84759037259037,44.0,1.1833333333333333,300,-14.190981240981241,-17.87445707070707,-10.27668650793651,-1.3533333333333333,-12.961127761127761,-16.595264180264184,-9.11850288600289,-11.34018759018759,-15.090535714285716,-7.281443001443005
4,calibrated_logit_margin+calibrated_conf+top_score_z_intra+gap,1,0,59.42645785586963,1.27,53.84759037259037,44.0,1.1866666666666668,300,-14.190981240981241,-17.87445707070707,-10.27668650793651,-1.35,-12.961127761127761,-16.595264180264184,-9.11850288600289,-11.34018759018759,-15.090535714285716,-7.281443001443005
5,calibrated_logit_margin+calibrated_conf+overlap_signal+top_score_z_intra+gap,1,0,59.42645785586963,1.26,53.84759037259037,44.0,1.1866666666666668,300,-14.190981240981241,-17.87445707070707,-10.27668650793651,-1.35,-12.961127761127761,-16.595264180264184,-9.11850288600289,-11.34018759018759,-15.090535714285716,-7.281443001443005
5,calibrated_logit_margin+answer_stable+overlap_signal+top_score_z_intra+gap,1,1,60.42645785586963,1.28,53.82536815036815,44.0,1.2366666666666666,300,-14.213203463203461,-17.879251443001447,-10.18433261183261,-1.3,-12.983349983349985,-16.591944444444444,-9.098851426351425,-11.362409812409812,-15.14609126984127,-7.30614357864358
